window,step_start,step_end,feature,psi,band,binning,n_bins,n_rows,breached,sufficient_sample
0,1,24,amount,0.0033316670776568024,stable,quantile,10,574255,False,True
0,1,24,hour_of_day,0.0547865048805375,stable,quantile,10,574255,False,True
0,1,24,is_night,6.0144869493998264e-05,stable,categorical,3,574255,False,True
0,1,24,orig_balance_delta,0.0012066888669767604,stable,quantile,8,574255,False,True
0,1,24,dest_balance_delta,0.03512575535482112,stable,quantile,7,574255,False,True
0,1,24,orig_balance_mismatch,0.002870215243512666,stable,categorical,3,574255,False,True
0,1,24,orig_emptied,0.0010016801551007077,stable,categorical,3,574255,False,True
0,1,24,amount_to_balance_ratio,0.0051514882068078305,stable,quantile,10,574255,False,True
0,1,24,dest_is_merchant,2.9925933383683565e-05,stable,categorical,3,574255,False,True
0,1,24,is_transfer,3.8558014417754695e-05,stable,categorical,3,574255,False,True
0,1,24,is_cash_out,6.4317788249511285e-06,stable,categorical,3,574255,False,True
0,1,24,is_cash_in,7.267052395280292e-05,stable,categorical,3,574255,False,True
0,1,24,is_debit,0.0002890205454967861,stable,categorical,3,574255,False,True
0,1,24,dest_prior_txn_count,0.015705550146074675,stable,quantile,7,574255,False,True
0,1,24,dest_prior_avg_amount,0.018014482121024633,stable,quantile,7,574255,False,True
0,1,24,dest_amount_to_prior_avg_ratio,0.0028611811328469452,stable,quantile,10,574255,False,True
0,1,24,dest_txn_count_24h,0.34771071405209986,significant,quantile,5,574255,True,True
0,1,24,dest_amount_sum_24h,0.2915341131783874,significant,quantile,6,574255,True,True
1,25,48,amount,0.0031993960285745682,stable,quantile,10,455238,False,True
1,25,48,hour_of_day,0.0037826007637754206,stable,quantile,10,455238,False,True
1,25,48,is_night,5.432970304530046e-05,stable,categorical,3,455238,False,True
1,25,48,orig_balance_delta,0.0004998476617309772,stable,quantile,8,455238,False,True
1,25,48,dest_balance_delta,0.0011424284872405923,stable,quantile,7,455238,False,True
1,25,48,orig_balance_mismatch,4.9629038437158166e-06,stable,categorical,3,455238,False,True
1,25,48,orig_emptied,3.763688860838016e-06,stable,categorical,3,455238,False,True
1,25,48,amount_to_balance_ratio,0.0005900003073460286,stable,quantile,10,455238,False,True
1,25,48,dest_is_merchant,0.00019597862273803434,stable,categorical,3,455238,False,True
1,25,48,is_transfer,1.4684644409663384e-05,stable,categorical,3,455238,False,True
1,25,48,is_cash_out,0.00020470131562093334,stable,categorical,3,455238,False,True
1,25,48,is_cash_in,1.3108130059703593e-06,stable,categorical,3,455238,False,True
1,25,48,is_debit,0.00012206829280151433,stable,categorical,3,455238,False,True
1,25,48,dest_prior_txn_count,0.000869743550133817,stable,quantile,7,455238,False,True
1,25,48,dest_prior_avg_amount,0.0007487404592832043,stable,quantile,7,455238,False,True
1,25,48,dest_amount_to_prior_avg_ratio,0.004147981939621815,stable,quantile,10,455238,False,True
1,25,48,dest_txn_count_24h,0.4282085537645861,significant,quantile,5,455238,True,True
1,25,48,dest_amount_sum_24h,0.3077422683877645,significant,quantile,6,455238,True,True
2,49,72,amount,0.4373326038515164,significant,quantile,10,1070,True,True
2,49,72,hour_of_day,3.0637588316409228,significant,quantile,10,1070,True,True
2,49,72,is_night,3.9389465566195643,significant,categorical,3,1070,True,True
2,49,72,orig_balance_delta,0.4870435758987102,significant,quantile,8,1070,True,True
2,49,72,dest_balance_delta,0.28419601420357454,significant,quantile,7,1070,True,True
2,49,72,orig_balance_mismatch,0.7281836684374113,significant,categorical,3,1070,True,True
2,49,72,orig_emptied,0.11244371105364397,moderate,categorical,3,1070,False,True
2,49,72,amount_to_balance_ratio,0.7143741572670108,significant,quantile,10,1070,True,True
2,49,72,dest_is_merchant,0.053055865540378014,stable,categorical,3,1070,False,True
2,49,72,is_transfer,0.08079613715529155,stable,categorical,3,1070,False,True
2,49,72,is_cash_out,0.08378696658403062,stable,categorical,3,1070,False,True
2,49,72,is_cash_in,0.05943078033897721,stable,categorical,3,1070,False,True
2,49,72,is_debit,0.020509500807630126,stable,categorical,3,1070,False,True
2,49,72,dest_prior_txn_count,0.17881173652187982,moderate,quantile,7,1070,False,True
2,49,72,dest_prior_avg_amount,0.17554425158527504,moderate,quantile,7,1070,False,True
2,49,72,dest_amount_to_prior_avg_ratio,0.3699717935377798,significant,quantile,10,1070,True,True
2,49,72,dest_txn_count_24h,0.19548127947019583,moderate,quantile,5,1070,False,True
2,49,72,dest_amount_sum_24h,0.08719357584859923,stable,quantile,6,1070,False,True
3,73,96,amount,0.17243599477162586,moderate,quantile,10,28240,False,True
3,73,96,hour_of_day,5.183423034150875,significant,quantile,10,28240,True,True
3,73,96,is_night,0.6069475619175055,significant,categorical,3,28240,True,True
3,73,96,orig_balance_delta,0.12379532960659832,moderate,quantile,8,28240,False,True
3,73,96,dest_balance_delta,0.0996884309686375,stable,quantile,7,28240,False,True
3,73,96,orig_balance_mismatch,0.10125262567542688,moderate,categorical,3,28240,False,True
3,73,96,orig_emptied,0.010550256100748858,stable,categorical,3,28240,False,True
3,73,96,amount_to_balance_ratio,0.07944634962489146,stable,quantile,10,28240,False,True
3,73,96,dest_is_merchant,0.11909708829042381,moderate,categorical,3,28240,False,True
3,73,96,is_transfer,0.00046103901488430565,stable,categorical,3,28240,False,True
3,73,96,is_cash_out,0.08789820277261096,stable,categorical,3,28240,False,True
3,73,96,is_cash_in,0.014596770449954477,stable,categorical,3,28240,False,True
3,73,96,is_debit,0.003654568166762934,stable,categorical,3,28240,False,True
3,73,96,dest_prior_txn_count,0.04365417915639375,stable,quantile,7,28240,False,True
3,73,96,dest_prior_avg_amount,0.04701088466587541,stable,quantile,7,28240,False,True
3,73,96,dest_amount_to_prior_avg_ratio,0.1555297196799687,moderate,quantile,10,28240,False,True
3,73,96,dest_txn_count_24h,2.1786181815910393,significant,quantile,5,28240,True,True
3,73,96,dest_amount_sum_24h,1.331186138438452,significant,quantile,6,28240,True,True
4,97,120,amount,0.26056650431599954,significant,quantile,10,9789,True,True
4,97,120,hour_of_day,4.615315738640941,significant,quantile,10,9789,True,True
4,97,120,is_night,1.3967071426416433,significant,categorical,3,9789,True,True
4,97,120,orig_balance_delta,0.1709225728625382,moderate,quantile,8,9789,False,True
4,97,120,dest_balance_delta,0.19266346283017788,moderate,quantile,7,9789,False,True
4,97,120,orig_balance_mismatch,0.18410809417113888,moderate,categorical,3,9789,False,True
4,97,120,orig_emptied,0.006632657869278945,stable,categorical,3,9789,False,True
4,97,120,amount_to_balance_ratio,0.1389769495562484,moderate,quantile,10,9789,False,True
4,97,120,dest_is_merchant,0.2035917200482458,moderate,categorical,3,9789,False,True
4,97,120,is_transfer,0.0011398783979854213,stable,categorical,3,9789,False,True
4,97,120,is_cash_out,0.15889833272413503,moderate,categorical,3,9789,False,True
4,97,120,is_cash_in,0.03431255773806693,stable,categorical,3,9789,False,True
4,97,120,is_debit,0.015474100751008387,stable,categorical,3,9789,False,True
4,97,120,dest_prior_txn_count,0.08640670510093647,stable,quantile,7,9789,False,True
4,97,120,dest_prior_avg_amount,0.08619922781082742,stable,quantile,7,9789,False,True
4,97,120,dest_amount_to_prior_avg_ratio,0.23035505749010343,moderate,quantile,10,9789,False,True
4,97,120,dest_txn_count_24h,1.9917885366922132,significant,quantile,5,9789,True,True
4,97,120,dest_amount_sum_24h,1.2007647563439554,significant,quantile,6,9789,True,True
5,121,144,amount,0.007110668601561327,stable,quantile,10,441005,False,True
5,121,144,hour_of_day,0.006809701918267127,stable,quantile,10,441005,False,True
5,121,144,is_night,0.0015902652378620246,stable,categorical,3,441005,False,True
5,121,144,orig_balance_delta,0.0030870164852340714,stable,quantile,8,441005,False,True
5,121,144,dest_balance_delta,0.0018138399502139837,stable,quantile,7,441005,False,True
5,121,144,orig_balance_mismatch,0.001937714664512389,stable,categorical,3,441005,False,True
5,121,144,orig_emptied,0.00018657331950974805,stable,categorical,3,441005,False,True
5,121,144,amount_to_balance_ratio,0.0018774926726403652,stable,quantile,10,441005,False,True
5,121,144,dest_is_merchant,0.0008106269558373706,stable,categorical,3,441005,False,True
5,121,144,is_transfer,5.738744236555338e-06,stable,categorical,3,441005,False,True
5,121,144,is_cash_out,0.0002236714872562796,stable,categorical,3,441005,False,True
5,121,144,is_cash_in,0.0002987761608002964,stable,categorical,3,441005,False,True
5,121,144,is_debit,1.6958937892018832e-05,stable,categorical,3,441005,False,True
5,121,144,dest_prior_txn_count,0.0005841351420084401,stable,quantile,7,441005,False,True
5,121,144,dest_prior_avg_amount,0.001141954689402894,stable,quantile,7,441005,False,True
5,121,144,dest_amount_to_prior_avg_ratio,0.0059690368067485886,stable,quantile,10,441005,False,True
5,121,144,dest_txn_count_24h,0.013014025409584727,stable,quantile,5,441005,False,True
5,121,144,dest_amount_sum_24h,0.01358600445381166,stable,quantile,6,441005,False,True
6,145,168,amount,0.0024557414361852103,stable,quantile,10,420583,False,True
6,145,168,hour_of_day,0.006459911603437738,stable,quantile,10,420583,False,True
6,145,168,is_night,0.0005733917922666339,stable,categorical,3,420583,False,True
6,145,168,orig_balance_delta,0.0005795855239438266,stable,quantile,8,420583,False,True
6,145,168,dest_balance_delta,0.00033835860364958776,stable,quantile,7,420583,False,True
6,145,168,orig_balance_mismatch,8.854049130379484e-05,stable,categorical,3,420583,False,True
6,145,168,orig_emptied,2.4706419593953e-07,stable,categorical,3,420583,False,True
6,145,168,amount_to_balance_ratio,0.000592025019074199,stable,quantile,10,420583,False,True
6,145,168,dest_is_merchant,0.0002677241952700779,stable,categorical,3,420583,False,True
6,145,168,is_transfer,2.6551313963297175e-06,stable,categorical,3,420583,False,True
6,145,168,is_cash_out,0.00011365721273155167,stable,categorical,3,420583,False,True
6,145,168,is_cash_in,6.607876154238742e-05,stable,categorical,3,420583,False,True
6,145,168,is_debit,1.7131832332904587e-05,stable,categorical,3,420583,False,True
6,145,168,dest_prior_txn_count,0.00036660758195668176,stable,quantile,7,420583,False,True
6,145,168,dest_prior_avg_amount,0.0009718355165826976,stable,quantile,7,420583,False,True
6,145,168,dest_amount_to_prior_avg_ratio,0.0024907453659028505,stable,quantile,10,420583,False,True
6,145,168,dest_txn_count_24h,0.05386859544689892,stable,quantile,5,420583,False,True
6,145,168,dest_amount_sum_24h,0.05060955288418804,stable,quantile,6,420583,False,True
7,169,192,amount,0.0039528845646829205,stable,quantile,10,449637,False,True
7,169,192,hour_of_day,0.00923727030212708,stable,quantile,10,449637,False,True
7,169,192,is_night,0.0002787250588250314,stable,categorical,3,449637,False,True
7,169,192,orig_balance_delta,0.0006356793051571111,stable,quantile,8,449637,False,True
7,169,192,dest_balance_delta,0.0012106971625363361,stable,quantile,7,449637,False,True
7,169,192,orig_balance_mismatch,6.071141528459047e-07,stable,categorical,3,449637,False,True
7,169,192,orig_emptied,2.070665849493067e-06,stable,categorical,3,449637,False,True
7,169,192,amount_to_balance_ratio,0.0010584882691860307,stable,quantile,10,449637,False,True
7,169,192,dest_is_merchant,4.934031971355773e-05,stable,categorical,3,449637,False,True
7,169,192,is_transfer,8.043909996796925e-06,stable,categorical,3,449637,False,True
7,169,192,is_cash_out,3.5090088427526197e-07,stable,categorical,3,449637,False,True
7,169,192,is_cash_in,4.3539202719121e-05,stable,categorical,3,449637,False,True
7,169,192,is_debit,9.281654303649033e-07,stable,categorical,3,449637,False,True
7,169,192,dest_prior_txn_count,0.00015841793489580741,stable,quantile,7,449637,False,True
7,169,192,dest_prior_avg_amount,0.0005573710471621276,stable,quantile,7,449637,False,True
7,169,192,dest_amount_to_prior_avg_ratio,0.0044723636498885475,stable,quantile,10,449637,False,True
7,169,192,dest_txn_count_24h,0.02671979484270371,stable,quantile,5,449637,False,True
7,169,192,dest_amount_sum_24h,0.03755673173870003,stable,quantile,6,449637,False,True
8,193,216,amount,0.022318459722451077,stable,quantile,10,417919,False,True
8,193,216,hour_of_day,0.010468891596036697,stable,quantile,10,417919,False,True
8,193,216,is_night,2.9575666644967535e-05,stable,categorical,3,417919,False,True
8,193,216,orig_balance_delta,0.009170351820106701,stable,quantile,8,417919,False,True
8,193,216,dest_balance_delta,0.010336461821267942,stable,quantile,7,417919,False,True
8,193,216,orig_balance_mismatch,0.0026439679728127666,stable,categorical,3,417919,False,True
8,193,216,orig_emptied,0.000585192540695172,stable,categorical,3,417919,False,True
8,193,216,amount_to_balance_ratio,0.002300080933413995,stable,quantile,10,417919,False,True
8,193,216,dest_is_merchant,0.0004460123002017103,stable,categorical,3,417919,False,True
8,193,216,is_transfer,3.6534441944976355e-05,stable,categorical,3,417919,False,True
8,193,216,is_cash_out,8.726907813049301e-06,stable,categorical,3,417919,False,True
8,193,216,is_cash_in,0.00018954516068466986,stable,categorical,3,417919,False,True
8,193,216,is_debit,0.0002843381260069164,stable,categorical,3,417919,False,True
8,193,216,dest_prior_txn_count,0.0002896995308084683,stable,quantile,7,417919,False,True
8,193,216,dest_prior_avg_amount,0.0019727905948402438,stable,quantile,7,417919,False,True
8,193,216,dest_amount_to_prior_avg_ratio,0.020017540831973,stable,quantile,10,417919,False,True
8,193,216,dest_txn_count_24h,0.028188400373246686,stable,quantile,5,417919,False,True
8,193,216,dest_amount_sum_24h,0.0524685969824521,stable,quantile,6,417919,False,True
9,217,240,amount,0.001619196287014985,stable,quantile,10,392945,False,True
9,217,240,hour_of_day,0.030948695425045258,stable,quantile,10,392945,False,True
9,217,240,is_night,0.0005635337671070739,stable,categorical,3,392945,False,True
9,217,240,orig_balance_delta,0.0007235778122805785,stable,quantile,8,392945,False,True
9,217,240,dest_balance_delta,0.00030253673387345,stable,quantile,7,392945,False,True
9,217,240,orig_balance_mismatch,0.0006479471795039844,stable,categorical,3,392945,False,True
9,217,240,orig_emptied,0.00024168102498038041,stable,categorical,3,392945,False,True
9,217,240,amount_to_balance_ratio,0.001080896520239772,stable,quantile,10,392945,False,True
9,217,240,dest_is_merchant,1.4230013720574955e-05,stable,categorical,3,392945,False,True
9,217,240,is_transfer,8.703855029470549e-07,stable,categorical,3,392945,False,True
9,217,240,is_cash_out,2.1036582962247714e-06,stable,categorical,3,392945,False,True
9,217,240,is_cash_in,7.4199113046496195e-06,stable,categorical,3,392945,False,True
9,217,240,is_debit,7.855291271115685e-06,stable,categorical,3,392945,False,True
9,217,240,dest_prior_txn_count,0.0003469394004956494,stable,quantile,7,392945,False,True
9,217,240,dest_prior_avg_amount,0.001411680785564996,stable,quantile,7,392945,False,True
9,217,240,dest_amount_to_prior_avg_ratio,0.002031102233803975,stable,quantile,10,392945,False,True
9,217,240,dest_txn_count_24h,0.08606508799415558,stable,quantile,5,392945,False,True
9,217,240,dest_amount_sum_24h,0.06219133297141988,stable,quantile,6,392945,False,True
10,241,264,amount,0.008236320935623046,stable,quantile,10,417859,False,True
10,241,264,hour_of_day,0.01157764582973362,stable,quantile,10,417859,False,True
10,241,264,is_night,1.177062180972093e-05,stable,categorical,3,417859,False,True
10,241,264,orig_balance_delta,0.001577377516274104,stable,quantile,8,417859,False,True
10,241,264,dest_balance_delta,0.007536971811324205,stable,quantile,7,417859,False,True
10,241,264,orig_balance_mismatch,8.565584504902126e-05,stable,categorical,3,417859,False,True
10,241,264,orig_emptied,2.444580709443527e-06,stable,categorical,3,417859,False,True
10,241,264,amount_to_balance_ratio,0.0020792859278219154,stable,quantile,10,417859,False,True
10,241,264,dest_is_merchant,0.00010393173083824522,stable,categorical,3,417859,False,True
10,241,264,is_transfer,2.691564316731768e-05,stable,categorical,3,417859,False,True
10,241,264,is_cash_out,1.0224219877320313e-06,stable,categorical,3,417859,False,True
10,241,264,is_cash_in,1.2433575010232159e-05,stable,categorical,3,417859,False,True
10,241,264,is_debit,0.00038173781959014423,stable,categorical,3,417859,False,True
10,241,264,dest_prior_txn_count,0.00014642838423849404,stable,quantile,7,417859,False,True
10,241,264,dest_prior_avg_amount,0.0015961341561892713,stable,quantile,7,417859,False,True
10,241,264,dest_amount_to_prior_avg_ratio,0.006616348771864251,stable,quantile,10,417859,False,True
10,241,264,dest_txn_count_24h,0.11393164988872581,moderate,quantile,5,417859,False,True
10,241,264,dest_amount_sum_24h,0.08115920926057309,stable,quantile,6,417859,False,True
11,265,288,amount,0.030439677107270656,stable,quantile,10,349776,False,True
11,265,288,hour_of_day,0.02289638849855738,stable,quantile,10,349776,False,True
11,265,288,is_night,0.0003195059677962441,stable,categorical,3,349776,False,True
11,265,288,orig_balance_delta,0.009078969585426056,stable,quantile,8,349776,False,True
11,265,288,dest_balance_delta,0.032074814479755395,stable,quantile,7,349776,False,True
11,265,288,orig_balance_mismatch,0.0038816830920151138,stable,categorical,3,349776,False,True
11,265,288,orig_emptied,0.0007981167987947492,stable,categorical,3,349776,False,True
11,265,288,amount_to_balance_ratio,0.006872090724025988,stable,quantile,10,349776,False,True
11,265,288,dest_is_merchant,0.0013532106292376675,stable,categorical,3,349776,False,True
11,265,288,is_transfer,0.00015673181434432558,stable,categorical,3,349776,False,True
11,265,288,is_cash_out,0.00023674124799927078,stable,categorical,3,349776,False,True
11,265,288,is_cash_in,0.0002597026872621558,stable,categorical,3,349776,False,True
11,265,288,is_debit,1.2651428405151872e-06,stable,categorical,3,349776,False,True
11,265,288,dest_prior_txn_count,0.0006927509162113938,stable,quantile,7,349776,False,True
11,265,288,dest_prior_avg_amount,0.004964196974465002,stable,quantile,7,349776,False,True
11,265,288,dest_amount_to_prior_avg_ratio,0.01182084179837403,stable,quantile,10,349776,False,True
11,265,288,dest_txn_count_24h,0.21128729224568765,moderate,quantile,5,349776,False,True
11,265,288,dest_amount_sum_24h,0.1924392153247254,moderate,quantile,6,349776,False,True
12,289,312,amount,0.022983710872768272,stable,quantile,10,428583,False,True
12,289,312,hour_of_day,0.006283331916563809,stable,quantile,10,428583,False,True
12,289,312,is_night,0.0010980420243113663,stable,categorical,3,428583,False,True
12,289,312,orig_balance_delta,0.007262650501483129,stable,quantile,8,428583,False,True
12,289,312,dest_balance_delta,0.0006729851131312978,stable,quantile,7,428583,False,True
12,289,312,orig_balance_mismatch,0.0035551464004354846,stable,categorical,3,428583,False,True
12,289,312,orig_emptied,0.0006042117365669012,stable,categorical,3,428583,False,True
12,289,312,amount_to_balance_ratio,0.004036750642745431,stable,quantile,10,428583,False,True
12,289,312,dest_is_merchant,0.00018174500028244356,stable,categorical,3,428583,False,True
12,289,312,is_transfer,0.00010130766418145389,stable,categorical,3,428583,False,True
12,289,312,is_cash_out,4.873938595157101e-07,stable,categorical,3,428583,False,True
12,289,312,is_cash_in,9.86717805741487e-05,stable,categorical,3,428583,False,True
12,289,312,is_debit,8.865141251317477e-06,stable,categorical,3,428583,False,True
12,289,312,dest_prior_txn_count,0.000982820450671197,stable,quantile,7,428583,False,True
12,289,312,dest_prior_avg_amount,0.0011403906397927134,stable,quantile,7,428583,False,True
12,289,312,dest_amount_to_prior_avg_ratio,0.024774850190948775,stable,quantile,10,428583,False,True
12,289,312,dest_txn_count_24h,0.207925951399217,moderate,quantile,5,428583,False,True
12,289,312,dest_amount_sum_24h,0.11665219267719303,moderate,quantile,6,428583,False,True
13,313,336,amount,0.017227844354020035,stable,quantile,10,397876,False,True
13,313,336,hour_of_day,0.00652276312977649,stable,quantile,10,397876,False,True
13,313,336,is_night,0.0012188056499346789,stable,categorical,3,397876,False,True
13,313,336,orig_balance_delta,0.004504450118158918,stable,quantile,8,397876,False,True
13,313,336,dest_balance_delta,0.00043091291470700804,stable,quantile,7,397876,False,True
13,313,336,orig_balance_mismatch,0.0015522564623068084,stable,categorical,3,397876,False,True
13,313,336,orig_emptied,0.0003321574478232337,stable,categorical,3,397876,False,True
13,313,336,amount_to_balance_ratio,0.002990342381943561,stable,quantile,10,397876,False,True
13,313,336,dest_is_merchant,4.917992546650481e-05,stable,categorical,3,397876,False,True
13,313,336,is_transfer,6.249286377922616e-05,stable,categorical,3,397876,False,True
13,313,336,is_cash_out,0.0001744011768058855,stable,categorical,3,397876,False,True
13,313,336,is_cash_in,4.250705684784832e-08,stable,categorical,3,397876,False,True
13,313,336,is_debit,0.0001146028847825412,stable,categorical,3,397876,False,True
13,313,336,dest_prior_txn_count,0.0007707759886257859,stable,quantile,7,397876,False,True
13,313,336,dest_prior_avg_amount,0.0010208822936798618,stable,quantile,7,397876,False,True
13,313,336,dest_amount_to_prior_avg_ratio,0.01762398207456923,stable,quantile,10,397876,False,True
13,313,336,dest_txn_count_24h,0.21650178169410111,moderate,quantile,5,397876,False,True
13,313,336,dest_amount_sum_24h,0.09662068095477205,stable,quantile,6,397876,False,True
14,337,360,amount,0.005984376431921034,stable,quantile,10,401282,False,True
14,337,360,hour_of_day,0.010981981691023327,stable,quantile,10,401282,False,True
14,337,360,is_night,0.002061805467600775,stable,categorical,3,401282,False,True
14,337,360,orig_balance_delta,0.0017135341172660641,stable,quantile,8,401282,False,True
14,337,360,dest_balance_delta,0.000484067556491058,stable,quantile,7,401282,False,True
14,337,360,orig_balance_mismatch,0.0008131879509983418,stable,categorical,3,401282,False,True
14,337,360,orig_emptied,0.00019373399375175907,stable,categorical,3,401282,False,True
14,337,360,amount_to_balance_ratio,0.0011596133070176883,stable,quantile,10,401282,False,True
14,337,360,dest_is_merchant,9.2041291383547e-06,stable,categorical,3,401282,False,True
14,337,360,is_transfer,1.7772995697440255e-05,stable,categorical,3,401282,False,True
14,337,360,is_cash_out,0.0001279565105588642,stable,categorical,3,401282,False,True
14,337,360,is_cash_in,8.726456747039498e-05,stable,categorical,3,401282,False,True
14,337,360,is_debit,0.0004468701457598879,stable,categorical,3,401282,False,True
14,337,360,dest_prior_txn_count,0.0007010490532038801,stable,quantile,7,401282,False,True
14,337,360,dest_prior_avg_amount,0.0012552167007230909,stable,quantile,7,401282,False,True
14,337,360,dest_amount_to_prior_avg_ratio,0.006963655288071722,stable,quantile,10,401282,False,True
14,337,360,dest_txn_count_24h,0.2868192896793753,significant,quantile,5,401282,True,True
14,337,360,dest_amount_sum_24h,0.13814492724758184,moderate,quantile,6,401282,False,True
15,361,384,amount,0.0019063308744914603,stable,quantile,10,375594,False,True
15,361,384,hour_of_day,0.026499908578936006,stable,quantile,10,375594,False,True
15,361,384,is_night,0.00011539483206808183,stable,categorical,3,375594,False,True
15,361,384,orig_balance_delta,0.0004118991837100454,stable,quantile,8,375594,False,True
15,361,384,dest_balance_delta,0.0022151590023267347,stable,quantile,7,375594,False,True
15,361,384,orig_balance_mismatch,5.9832735488592385e-05,stable,categorical,3,375594,False,True
15,361,384,orig_emptied,1.4868514386709458e-05,stable,categorical,3,375594,False,True
15,361,384,amount_to_balance_ratio,0.0006100316868921685,stable,quantile,10,375594,False,True
15,361,384,dest_is_merchant,3.751022401305943e-05,stable,categorical,3,375594,False,True
15,361,384,is_transfer,1.3402648524553619e-05,stable,categorical,3,375594,False,True
15,361,384,is_cash_out,8.382006819262729e-05,stable,categorical,3,375594,False,True
15,361,384,is_cash_in,9.284689730337253e-07,stable,categorical,3,375594,False,True
15,361,384,is_debit,6.742683685129717e-07,stable,categorical,3,375594,False,True
15,361,384,dest_prior_txn_count,0.0005599833966788551,stable,quantile,7,375594,False,True
15,361,384,dest_prior_avg_amount,0.0017622429550256818,stable,quantile,7,375594,False,True
15,361,384,dest_amount_to_prior_avg_ratio,0.002703638130689132,stable,quantile,10,375594,False,True
15,361,384,dest_txn_count_24h,0.3452617582664242,significant,quantile,5,375594,True,True
15,361,384,dest_amount_sum_24h,0.1821609183524306,moderate,quantile,6,375594,False,True
16,385,408,amount,0.012898646583964666,stable,quantile,10,425766,False,True
16,385,408,hour_of_day,0.0036454332806935465,stable,quantile,10,425766,False,True
16,385,408,is_night,0.003431594536011366,stable,categorical,3,425766,False,True
16,385,408,orig_balance_delta,0.004280924723067285,stable,quantile,8,425766,False,True
16,385,408,dest_balance_delta,0.002008469001047536,stable,quantile,7,425766,False,True
16,385,408,orig_balance_mismatch,0.0018345139394446695,stable,categorical,3,425766,False,True
16,385,408,orig_emptied,0.0005931938861558565,stable,categorical,3,425766,False,True
16,385,408,amount_to_balance_ratio,0.003101906403865298,stable,quantile,10,425766,False,True
16,385,408,dest_is_merchant,6.517771462620508e-05,stable,categorical,3,425766,False,True
16,385,408,is_transfer,5.5794741662389e-06,stable,categorical,3,425766,False,True
16,385,408,is_cash_out,3.094620219849017e-05,stable,categorical,3,425766,False,True
16,385,408,is_cash_in,5.2346668493299434e-08,stable,categorical,3,425766,False,True
16,385,408,is_debit,2.429687839256862e-05,stable,categorical,3,425766,False,True
16,385,408,dest_prior_txn_count,0.0004841848862970707,stable,quantile,7,425766,False,True
16,385,408,dest_prior_avg_amount,0.0018901184262437609,stable,quantile,7,425766,False,True
16,385,408,dest_amount_to_prior_avg_ratio,0.013797856626958567,stable,quantile,10,425766,False,True
16,385,408,dest_txn_count_24h,0.37247595573309095,significant,quantile,5,425766,True,True
16,385,408,dest_amount_sum_24h,0.20803406004651703,moderate,quantile,6,425766,False,True
17,409,432,amount,0.012780245179400886,stable,quantile,10,20999,False,True
17,409,432,hour_of_day,2.2086757664915715,significant,quantile,10,20999,True,True
17,409,432,is_night,0.02076261565896421,stable,categorical,3,20999,False,True
17,409,432,orig_balance_delta,0.021256913158490157,stable,quantile,8,20999,False,True
17,409,432,dest_balance_delta,0.01729923593504567,stable,quantile,7,20999,False,True
17,409,432,orig_balance_mismatch,0.013906132750001268,stable,categorical,3,20999,False,True
17,409,432,orig_emptied,0.0008896620757729897,stable,categorical,3,20999,False,True
17,409,432,amount_to_balance_ratio,0.0357848342746645,stable,quantile,10,20999,False,True
17,409,432,dest_is_merchant,0.0037731611500618784,stable,categorical,3,20999,False,True
17,409,432,is_transfer,0.00044405068090856253,stable,categorical,3,20999,False,True
17,409,432,is_cash_out,0.016128401342810423,stable,categorical,3,20999,False,True
17,409,432,is_cash_in,0.0026592348013899747,stable,categorical,3,20999,False,True
17,409,432,is_debit,0.0008323483615324036,stable,categorical,3,20999,False,True
17,409,432,dest_prior_txn_count,0.004369071328382061,stable,quantile,7,20999,False,True
17,409,432,dest_prior_avg_amount,0.006564767067942517,stable,quantile,7,20999,False,True
17,409,432,dest_amount_to_prior_avg_ratio,0.009841338903171312,stable,quantile,10,20999,False,True
17,409,432,dest_txn_count_24h,0.764974124733534,significant,quantile,5,20999,True,True
17,409,432,dest_amount_sum_24h,0.5198229132754689,significant,quantile,6,20999,True,True
18,433,456,amount,0.02658792637697439,stable,quantile,10,11300,False,True
18,433,456,hour_of_day,2.2246507934529176,significant,quantile,10,11300,True,True
18,433,456,is_night,0.0052818050610904605,stable,categorical,3,11300,False,True
18,433,456,orig_balance_delta,0.03332822799633225,stable,quantile,8,11300,False,True
18,433,456,dest_balance_delta,0.038147101887365455,stable,quantile,7,11300,False,True
18,433,456,orig_balance_mismatch,0.033213767743071,stable,categorical,3,11300,False,True
18,433,456,orig_emptied,0.0003435921546238925,stable,categorical,3,11300,False,True
18,433,456,amount_to_balance_ratio,0.06325495628473793,stable,quantile,10,11300,False,True
18,433,456,dest_is_merchant,0.008536640777148673,stable,categorical,3,11300,False,True
18,433,456,is_transfer,0.0003039256998067538,stable,categorical,3,11300,False,True
18,433,456,is_cash_out,0.021856734837657505,stable,categorical,3,11300,False,True
18,433,456,is_cash_in,0.0023168483919872337,stable,categorical,3,11300,False,True
18,433,456,is_debit,4.478868180279361e-05,stable,categorical,3,11300,False,True
18,433,456,dest_prior_txn_count,0.008646827123594922,stable,quantile,7,11300,False,True
18,433,456,dest_prior_avg_amount,0.009364415142076898,stable,quantile,7,11300,False,True
18,433,456,dest_amount_to_prior_avg_ratio,0.015053814197029442,stable,quantile,10,11300,False,True
18,433,456,dest_txn_count_24h,2.4239649000416086,significant,quantile,5,11300,True,True
18,433,456,dest_amount_sum_24h,1.7447886245263944,significant,quantile,6,11300,True,True
19,457,480,amount,0.006848595510494621,stable,quantile,10,19727,False,True
19,457,480,hour_of_day,2.2979618233240924,significant,quantile,10,19727,True,True
19,457,480,is_night,0.00947241763111351,stable,categorical,3,19727,False,True
19,457,480,orig_balance_delta,0.007262519841810737,stable,quantile,8,19727,False,True
19,457,480,dest_balance_delta,0.005642397380207078,stable,quantile,7,19727,False,True
19,457,480,orig_balance_mismatch,0.004950196229283823,stable,categorical,3,19727,False,True
19,457,480,orig_emptied,0.0026481276245112987,stable,categorical,3,19727,False,True
19,457,480,amount_to_balance_ratio,0.015620983686918,stable,quantile,10,19727,False,True
19,457,480,dest_is_merchant,0.0022388100309798254,stable,categorical,3,19727,False,True
19,457,480,is_transfer,0.0030634917866015684,stable,categorical,3,19727,False,True
19,457,480,is_cash_out,0.007519137147758341,stable,categorical,3,19727,False,True
19,457,480,is_cash_in,1.9397009761720035e-05,stable,categorical,3,19727,False,True
19,457,480,is_debit,6.0594983516848586e-05,stable,categorical,3,19727,False,True
19,457,480,dest_prior_txn_count,0.0021178118424994884,stable,quantile,7,19727,False,True
19,457,480,dest_prior_avg_amount,0.0053066402703776105,stable,quantile,7,19727,False,True
19,457,480,dest_amount_to_prior_avg_ratio,0.00680589027126368,stable,quantile,10,19727,False,True
19,457,480,dest_txn_count_24h,2.71435384940463,significant,quantile,5,19727,True,True
19,457,480,dest_amount_sum_24h,1.7921636425260536,significant,quantile,6,19727,True,True
20,481,504,amount,0.003495069127218486,stable,quantile,10,24593,False,True
20,481,504,hour_of_day,1.6138121980122717,significant,quantile,10,24593,True,True
20,481,504,is_night,5.238502695465231e-05,stable,categorical,3,24593,False,True
20,481,504,orig_balance_delta,0.006291644095413562,stable,quantile,8,24593,False,True
20,481,504,dest_balance_delta,0.004942517070625414,stable,quantile,7,24593,False,True
20,481,504,orig_balance_mismatch,0.0017265576051846805,stable,categorical,3,24593,False,True
20,481,504,orig_emptied,0.0034769052419371146,stable,categorical,3,24593,False,True
20,481,504,amount_to_balance_ratio,0.012552882936679426,stable,quantile,10,24593,False,True
20,481,504,dest_is_merchant,0.0015834830817146432,stable,categorical,3,24593,False,True
20,481,504,is_transfer,0.004904430754395558,stable,categorical,3,24593,False,True
20,481,504,is_cash_out,0.00999841883636304,stable,categorical,3,24593,False,True
20,481,504,is_cash_in,0.0005291218774765299,stable,categorical,3,24593,False,True
20,481,504,is_debit,0.0006074777325944809,stable,categorical,3,24593,False,True
20,481,504,dest_prior_txn_count,0.003325344893798039,stable,quantile,7,24593,False,True
20,481,504,dest_prior_avg_amount,0.004484661993829539,stable,quantile,7,24593,False,True
20,481,504,dest_amount_to_prior_avg_ratio,0.008092678081804573,stable,quantile,10,24593,False,True
20,481,504,dest_txn_count_24h,2.400475406777548,significant,quantile,5,24593,True,True
20,481,504,dest_amount_sum_24h,1.582203581459261,significant,quantile,6,24593,True,True
21,505,528,amount,0.004621610296319443,stable,quantile,10,53437,False,True
21,505,528,hour_of_day,2.50420075444347,significant,quantile,10,53437,True,True
21,505,528,is_night,0.023735813605684667,stable,categorical,3,53437,False,True
21,505,528,orig_balance_delta,0.003439583134735284,stable,quantile,8,53437,False,True
21,505,528,dest_balance_delta,0.009403461389792114,stable,quantile,7,53437,False,True
21,505,528,orig_balance_mismatch,0.0021620897157240645,stable,categorical,3,53437,False,True
21,505,528,orig_emptied,0.0006050630160987585,stable,categorical,3,53437,False,True
21,505,528,amount_to_balance_ratio,0.006336441208556484,stable,quantile,10,53437,False,True
21,505,528,dest_is_merchant,0.0030362616652535243,stable,categorical,3,53437,False,True
21,505,528,is_transfer,0.0005802772014620709,stable,categorical,3,53437,False,True
21,505,528,is_cash_out,0.007789775788574933,stable,categorical,3,53437,False,True
21,505,528,is_cash_in,0.00015422609020906478,stable,categorical,3,53437,False,True
21,505,528,is_debit,0.0014727747145080584,stable,categorical,3,53437,False,True
21,505,528,dest_prior_txn_count,0.002711320860505766,stable,quantile,7,53437,False,True
21,505,528,dest_prior_avg_amount,0.003921323320654236,stable,quantile,7,53437,False,True
21,505,528,dest_amount_to_prior_avg_ratio,0.004717931223229908,stable,quantile,10,53437,False,True
21,505,528,dest_txn_count_24h,2.386619804571624,significant,quantile,5,53437,True,True
21,505,528,dest_amount_sum_24h,1.429031345171,significant,quantile,6,53437,True,True
22,529,552,amount,0.002722719866195225,stable,quantile,10,51012,False,True
22,529,552,hour_of_day,0.6865577123504883,significant,quantile,10,51012,True,True
22,529,552,is_night,0.031123621947547777,stable,categorical,3,51012,False,True
22,529,552,orig_balance_delta,0.004686249799265826,stable,quantile,8,51012,False,True
22,529,552,dest_balance_delta,0.009651837356490863,stable,quantile,7,51012,False,True
22,529,552,orig_balance_mismatch,0.0023158416104551768,stable,categorical,3,51012,False,True
22,529,552,orig_emptied,0.001407674909183944,stable,categorical,3,51012,False,True
22,529,552,amount_to_balance_ratio,0.011152428354461822,stable,quantile,10,51012,False,True
22,529,552,dest_is_merchant,0.002050523577071432,stable,categorical,3,51012,False,True
22,529,552,is_transfer,0.0008682292311858216,stable,categorical,3,51012,False,True
22,529,552,is_cash_out,0.006647796637324884,stable,categorical,3,51012,False,True
22,529,552,is_cash_in,0.0002797010862787493,stable,categorical,3,51012,False,True
22,529,552,is_debit,0.000385896671559054,stable,categorical,3,51012,False,True
22,529,552,dest_prior_txn_count,0.002539663728647463,stable,quantile,7,51012,False,True
22,529,552,dest_prior_avg_amount,0.004275772320780375,stable,quantile,7,51012,False,True
22,529,552,dest_amount_to_prior_avg_ratio,0.002573460241577565,stable,quantile,10,51012,False,True
22,529,552,dest_txn_count_24h,1.981602400907458,significant,quantile,5,51012,True,True
22,529,552,dest_amount_sum_24h,1.1970794720885378,significant,quantile,6,51012,True,True
23,553,576,amount,0.007278345784579186,stable,quantile,10,32709,False,True
23,553,576,hour_of_day,0.9000357832085669,significant,quantile,10,32709,True,True
23,553,576,is_night,0.012090281226779421,stable,categorical,3,32709,False,True
23,553,576,orig_balance_delta,0.007882083173392439,stable,quantile,8,32709,False,True
23,553,576,dest_balance_delta,0.005075495162901674,stable,quantile,7,32709,False,True
23,553,576,orig_balance_mismatch,0.0031802273461819224,stable,categorical,3,32709,False,True
23,553,576,orig_emptied,0.002236026238562704,stable,categorical,3,32709,False,True
23,553,576,amount_to_balance_ratio,0.014709142173138814,stable,quantile,10,32709,False,True
23,553,576,dest_is_merchant,0.0004206477354150599,stable,categorical,3,32709,False,True
23,553,576,is_transfer,0.001696066519867797,stable,categorical,3,32709,False,True
23,553,576,is_cash_out,0.003574570885794152,stable,categorical,3,32709,False,True
23,553,576,is_cash_in,0.00030423813129213826,stable,categorical,3,32709,False,True
23,553,576,is_debit,2.2243028150757902e-05,stable,categorical,3,32709,False,True
23,553,576,dest_prior_txn_count,0.0014594432186224799,stable,quantile,7,32709,False,True
23,553,576,dest_prior_avg_amount,0.003577553706159869,stable,quantile,7,32709,False,True
23,553,576,dest_amount_to_prior_avg_ratio,0.005648786657851433,stable,quantile,10,32709,False,True
23,553,576,dest_txn_count_24h,2.2276131345738976,significant,quantile,5,32709,True,True
23,553,576,dest_amount_sum_24h,1.314912398282148,significant,quantile,6,32709,True,True
24,577,600,amount,0.013097634128860614,stable,quantile,10,57853,False,True
24,577,600,hour_of_day,0.6272091722645957,significant,quantile,10,57853,True,True
24,577,600,is_night,0.0008740072255894085,stable,categorical,3,57853,False,True
24,577,600,orig_balance_delta,0.008169720555291983,stable,quantile,8,57853,False,True
24,577,600,dest_balance_delta,0.011851953037109755,stable,quantile,7,57853,False,True
24,577,600,orig_balance_mismatch,0.0027467697897299286,stable,categorical,3,57853,False,True
24,577,600,orig_emptied,0.0015528052307874475,stable,categorical,3,57853,False,True
24,577,600,amount_to_balance_ratio,0.015775634609655254,stable,quantile,10,57853,False,True
24,577,600,dest_is_merchant,0.00022182320214347232,stable,categorical,3,57853,False,True
24,577,600,is_transfer,0.0011179796340869664,stable,categorical,3,57853,False,True
24,577,600,is_cash_out,0.0028606350645754256,stable,categorical,3,57853,False,True
24,577,600,is_cash_in,0.00026177514683128764,stable,categorical,3,57853,False,True
24,577,600,is_debit,0.0006171614434325131,stable,categorical,3,57853,False,True
24,577,600,dest_prior_txn_count,0.0012857876904602559,stable,quantile,7,57853,False,True
24,577,600,dest_prior_avg_amount,0.003030246845539102,stable,quantile,7,57853,False,True
24,577,600,dest_amount_to_prior_avg_ratio,0.010301211987974688,stable,quantile,10,57853,False,True
24,577,600,dest_txn_count_24h,2.2858415363638063,significant,quantile,5,57853,True,True
24,577,600,dest_amount_sum_24h,1.3138811300600794,significant,quantile,6,57853,True,True
25,601,624,amount,0.021466782733971776,stable,quantile,10,13885,False,True
25,601,624,hour_of_day,1.342187746679152,significant,quantile,10,13885,True,True
25,601,624,is_night,0.07320124755986208,stable,categorical,3,13885,False,True
25,601,624,orig_balance_delta,0.02275546365003324,stable,quantile,8,13885,False,True
25,601,624,dest_balance_delta,0.03536958650009297,stable,quantile,7,13885,False,True
25,601,624,orig_balance_mismatch,0.02160516162565451,stable,categorical,3,13885,False,True
25,601,624,orig_emptied,0.0008495026801890867,stable,categorical,3,13885,False,True
25,601,624,amount_to_balance_ratio,0.05469642891781678,stable,quantile,10,13885,False,True
25,601,624,dest_is_merchant,0.0029066746529115483,stable,categorical,3,13885,False,True
25,601,624,is_transfer,0.0005509469960411052,stable,categorical,3,13885,False,True
25,601,624,is_cash_out,0.011903490737992187,stable,categorical,3,13885,False,True
25,601,624,is_cash_in,0.0017155846437964006,stable,categorical,3,13885,False,True
25,601,624,is_debit,0.00034479198789213035,stable,categorical,3,13885,False,True
25,601,624,dest_prior_txn_count,0.0043952224388039895,stable,quantile,7,13885,False,True
25,601,624,dest_prior_avg_amount,0.00816708505542882,stable,quantile,7,13885,False,True
25,601,624,dest_amount_to_prior_avg_ratio,0.011883716576920476,stable,quantile,10,13885,False,True
25,601,624,dest_txn_count_24h,2.242297564733999,significant,quantile,5,13885,True,True
25,601,624,dest_amount_sum_24h,1.418417427303435,significant,quantile,6,13885,True,True
26,625,648,amount,0.004355832484780489,stable,quantile,10,8578,False,True
26,625,648,hour_of_day,2.796309349690529,significant,quantile,10,8578,True,True
26,625,648,is_night,0.004772393705799409,stable,categorical,3,8578,False,True
26,625,648,orig_balance_delta,0.02594705280653986,stable,quantile,8,8578,False,True
26,625,648,dest_balance_delta,0.004934568583786756,stable,quantile,7,8578,False,True
26,625,648,orig_balance_mismatch,0.007603165769839105,stable,categorical,3,8578,False,True
26,625,648,orig_emptied,0.009466048842430087,stable,categorical,3,8578,False,True
26,625,648,amount_to_balance_ratio,0.03784058258803591,stable,quantile,10,8578,False,True
26,625,648,dest_is_merchant,0.001440979527099012,stable,categorical,3,8578,False,True
26,625,648,is_transfer,0.004996289092858899,stable,categorical,3,8578,False,True
26,625,648,is_cash_out,0.002631506465123507,stable,categorical,3,8578,False,True
26,625,648,is_cash_in,0.0033741621246333934,stable,categorical,3,8578,False,True
26,625,648,is_debit,0.001722002761687755,stable,categorical,3,8578,False,True
26,625,648,dest_prior_txn_count,0.0013401620611431509,stable,quantile,7,8578,False,True
26,625,648,dest_prior_avg_amount,0.0064832685831702815,stable,quantile,7,8578,False,True
26,625,648,dest_amount_to_prior_avg_ratio,0.008566424960064664,stable,quantile,10,8578,False,True
26,625,648,dest_txn_count_24h,2.619236586438772,significant,quantile,5,8578,True,True
26,625,648,dest_amount_sum_24h,2.199203911896319,significant,quantile,6,8578,True,True
27,649,672,amount,0.024279230563189924,stable,quantile,10,14661,False,True
27,649,672,hour_of_day,2.2875576966373936,significant,quantile,10,14661,True,True
27,649,672,is_night,0.010676789570750033,stable,categorical,3,14661,False,True
27,649,672,orig_balance_delta,0.023655419553857575,stable,quantile,8,14661,False,True
27,649,672,dest_balance_delta,0.011825146957026265,stable,quantile,7,14661,False,True
27,649,672,orig_balance_mismatch,0.010267874207045417,stable,categorical,3,14661,False,True
27,649,672,orig_emptied,0.0011395299060734834,stable,categorical,3,14661,False,True
27,649,672,amount_to_balance_ratio,0.030972371603105443,stable,quantile,10,14661,False,True
27,649,672,dest_is_merchant,0.0022717483143081234,stable,categorical,3,14661,False,True
27,649,672,is_transfer,0.004300183548068333,stable,categorical,3,14661,False,True
27,649,672,is_cash_out,0.020182505671370095,stable,categorical,3,14661,False,True
27,649,672,is_cash_in,0.0033515145422253582,stable,categorical,3,14661,False,True
27,649,672,is_debit,5.41135582242824e-06,stable,categorical,3,14661,False,True
27,649,672,dest_prior_txn_count,0.0035975397537732355,stable,quantile,7,14661,False,True
27,649,672,dest_prior_avg_amount,0.006588450309235602,stable,quantile,7,14661,False,True
27,649,672,dest_amount_to_prior_avg_ratio,0.019981842184619042,stable,quantile,10,14661,False,True
27,649,672,dest_txn_count_24h,2.655726277645708,significant,quantile,5,14661,True,True
27,649,672,dest_amount_sum_24h,1.8498125482034637,significant,quantile,6,14661,True,True
28,673,696,amount,0.001479959202198664,stable,quantile,10,54890,False,True
28,673,696,hour_of_day,1.4189624299482553,significant,quantile,10,54890,True,True
28,673,696,is_night,0.0038135165033554254,stable,categorical,3,54890,False,True
28,673,696,orig_balance_delta,0.006339799225962965,stable,quantile,8,54890,False,True
28,673,696,dest_balance_delta,0.004692476333942974,stable,quantile,7,54890,False,True
28,673,696,orig_balance_mismatch,0.0008320370516123835,stable,categorical,3,54890,False,True
28,673,696,orig_emptied,0.002707613781111057,stable,categorical,3,54890,False,True
28,673,696,amount_to_balance_ratio,0.011754290713853617,stable,quantile,10,54890,False,True
28,673,696,dest_is_merchant,1.6238851454664372e-06,stable,categorical,3,54890,False,True
28,673,696,is_transfer,0.0025410700642096657,stable,categorical,3,54890,False,True
28,673,696,is_cash_out,0.003349399933816334,stable,categorical,3,54890,False,True
28,673,696,is_cash_in,0.0007643179911551307,stable,categorical,3,54890,False,True
28,673,696,is_debit,0.0005795646788835423,stable,categorical,3,54890,False,True
28,673,696,dest_prior_txn_count,0.00044092295846225645,stable,quantile,7,54890,False,True
28,673,696,dest_prior_avg_amount,0.0033878693471041674,stable,quantile,7,54890,False,True
28,673,696,dest_amount_to_prior_avg_ratio,0.0019986286486250032,stable,quantile,10,54890,False,True
28,673,696,dest_txn_count_24h,2.4056982073993916,significant,quantile,5,54890,True,True
28,673,696,dest_amount_sum_24h,1.406908818455439,significant,quantile,6,54890,True,True
29,697,720,amount,0.0021211798036806224,stable,quantile,10,11287,False,True
29,697,720,hour_of_day,1.5179009139667317,significant,quantile,10,11287,True,True
29,697,720,is_night,0.00013673082205576428,stable,categorical,3,11287,False,True
29,697,720,orig_balance_delta,0.2755567523995175,significant,quantile,8,11287,True,True
29,697,720,dest_balance_delta,0.01606375132344653,stable,quantile,7,11287,False,True
29,697,720,orig_balance_mismatch,0.0485555348101943,stable,categorical,3,11287,False,True
29,697,720,orig_emptied,0.17082253321851423,moderate,categorical,3,11287,False,True
29,697,720,amount_to_balance_ratio,0.49484697011684503,significant,quantile,10,11287,True,True
29,697,720,dest_is_merchant,0.0004699172771202184,stable,categorical,3,11287,False,True
29,697,720,is_transfer,0.0005918975376340204,stable,categorical,3,11287,False,True
29,697,720,is_cash_out,6.405503451179554e-05,stable,categorical,3,11287,False,True
29,697,720,is_cash_in,0.0001578561314471354,stable,categorical,3,11287,False,True
29,697,720,is_debit,0.002635128982289027,stable,categorical,3,11287,False,True
29,697,720,dest_prior_txn_count,0.02540741827708501,stable,quantile,7,11287,False,True
29,697,720,dest_prior_avg_amount,0.03287590071918094,stable,quantile,7,11287,False,True
29,697,720,dest_amount_to_prior_avg_ratio,0.038155396310122484,stable,quantile,10,11287,False,True
29,697,720,dest_txn_count_24h,2.0607950908400614,significant,quantile,5,11287,True,True
29,697,720,dest_amount_sum_24h,1.4605703814099984,significant,quantile,6,11287,True,True
30,721,743,amount,1.432559156818354,significant,quantile,10,272,False,False
30,721,743,hour_of_day,0.7014407104111363,significant,quantile,10,272,False,False
30,721,743,is_night,0.38514715822912937,significant,categorical,3,272,False,False
30,721,743,orig_balance_delta,4.193364713050526,significant,quantile,8,272,False,False
30,721,743,dest_balance_delta,0.9330662130915929,significant,quantile,7,272,False,False
30,721,743,orig_balance_mismatch,4.612793302318351,significant,categorical,3,272,False,False
30,721,743,orig_emptied,2.7748056713165408,significant,categorical,3,272,False,False
30,721,743,amount_to_balance_ratio,4.946134993669813,significant,quantile,10,272,False,False
30,721,743,dest_is_merchant,1.8802480252612355,significant,categorical,3,272,False,False
30,721,743,is_transfer,1.001718116135848,significant,categorical,3,272,False,False
30,721,743,is_cash_out,0.08692860090613053,stable,categorical,3,272,False,False
30,721,743,is_cash_in,1.0949064671744413,significant,categorical,3,272,False,False
30,721,743,is_debit,0.005648913815768734,stable,categorical,3,272,False,False
30,721,743,dest_prior_txn_count,0.17586984692122887,moderate,quantile,7,272,False,False
30,721,743,dest_prior_avg_amount,0.15685350194758652,moderate,quantile,7,272,False,False
30,721,743,dest_amount_to_prior_avg_ratio,1.9675834559342835,significant,quantile,10,272,False,False
30,721,743,dest_txn_count_24h,1.8601455383936047,significant,quantile,5,272,False,False
30,721,743,dest_amount_sum_24h,1.769977196124712,significant,quantile,6,272,False,False
